family,genus,species,mode,min_length,max_length,Nearctic,Neotropical,W.Palearctic,Ethiopian,E.Palearctic,Oriental,Australasian,lat_min,lon_min,lat_max,lon_max,lat_mean,lon_mean,lat_median,lon_median,nbr_country,nbr_host_spp,Aphididae,Aleyrodidae,Coccoidea,Other.Hemiptera,Diptera,Lepidoptera,Coleoptera,Hymenoptera,Thysanoptera,Neuroptera,Megaloptera,Angiosperms,Pinaceae,Cupressaceae,pair,min_dev,max_dev,eco
Aphelinidae,Aphelinus,abdominalis,both,3,3,0,1,1,1,1,1,1,-38,-83,60,143,32,32,39,21,51,37,1,0,0,0,0,0,0,1,0,0,0,0,0,0,0,17,19,par
Aphelinidae,Aphelinus,albipodus,sex,1.025,1.025,1,1,0,1,1,1,0,-23,-119,47,138,28,-2,35,19,17,19,1,1,0,0,0,0,0,0,0,0,0,0,0,0,1,15,23,par
Aphelinidae,Aphelinus,asychis,asex,1.782,1.782,1,1,1,1,1,1,1,-38,-119,62,143,30,14,36,19,62,57,1,0,0,0,1,0,0,0,0,0,0,0,0,0,1,13,13,par
Aphelinidae,Aphelinus,certus,sex,1.29,1.29,0,0,0,0,1,0,0,36,-95,62,138,45,78,45,105,5,NA,1,NA,NA,NA,NA,NA,NA,NA,NA,NA,NA,NA,NA,NA,1,11,13,NA
Aphelinidae,Aphelinus,chaonia,sex,0.5,7,1,1,1,0,1,1,0,-36,-119,60,114,39,8,45,15,28,43,1,0,0,0,0,0,0,0,0,0,0,0,0,0,0,15,15,par
Aphelinidae,Aphelinus,glycinis,sex,0.77,0.93,0,0,0,0,1,0,0,42,123,42,123,42,123,42,123,1,1,1,0,0,0,0,0,0,0,0,0,0,0,0,0,0,21,21,par
Aphelinidae,Aphelinus,gossypii,sex,0.8,1.3,1,1,1,1,1,1,1,-41,-175,48,175,11,22,22,45,18,20,1,1,0,0,0,0,0,0,0,0,0,0,0,0,0,14,17,par
Aphelinidae,Aphelinus,mali,sex,1.266,1.266,1,1,1,1,1,1,1,-41,-128,62,175,27,-12,37,-7,103,36,1,0,1,0,0,1,0,0,0,0,0,0,0,0,1,15,15,par
Aphelinidae,Aphelinus,paramali,sex,0.8,1.6,0,0,1,1,0,0,0,-11,18,32,54,20,34,29,33,4,8,1,0,0,0,0,0,0,0,0,0,0,0,0,0,0,NA,NA,par
Aphelinidae,Aphelinus,rhamni,sex,0.75,0.94,0,0,0,0,1,0,0,40,116,40,116,40,116,40,116,1,4,1,0,0,0,0,0,0,0,0,0,0,0,0,0,0,NA,NA,par
Aphelinidae,Aphelinus,semiflavus,asex,1.08,1.08,1,1,1,0,1,1,0,-38,-156,54,79,33,-57,39,-78,24,41,1,0,0,0,0,0,0,0,1,0,0,0,0,0,0,16,21,par
Aphelinidae,Aphelinus,varipes,sex,1.082,1.082,1,1,1,1,1,1,1,-36,-119,60,149,34,-11,39,3,44,23,1,1,1,0,0,0,0,1,0,0,0,0,0,0,1,10,18,par
Aphelinidae,Aphytis,acrenulatus,sex,0.86,1.25,0,0,1,1,0,0,0,-20,13,42,58,11,35,11,35,2,2,0,0,1,0,0,0,0,0,0,0,0,0,0,0,6,NA,NA,par
Aphelinidae,Aphytis,acutaspidis,asex,1.18,1.28,0,1,0,0,0,0,0,-23,-43,-23,-43,-23,-43,-23,-43,1,1,0,0,1,0,0,0,0,0,0,0,0,0,0,0,30,NA,NA,par
Aphelinidae,Aphytis,africanus,sex,0.61,0.89,1,1,1,1,0,0,0,-38,-119,37,36,-5,0,-19,30,8,9,0,0,1,0,0,0,0,0,0,0,0,0,0,0,0,12,13,par
Aphelinidae,Aphytis,amazonensis,sex,0.7,0.7,0,1,0,0,0,0,0,2,-51,2,-51,2,-51,2,-51,1,NA,0,0,1,0,0,0,0,0,0,0,0,0,0,0,6,NA,NA,par
Aphelinidae,Aphytis,anneckei,sex,1.09,1.45,0,0,0,1,0,0,0,-31,23,0,38,-15,30,-15,30,2,2,0,0,1,0,0,0,0,0,0,0,0,0,0,0,7,NA,NA,par
Aphelinidae,Aphytis,anomalus,asex,1.38,1.38,0,1,0,0,0,0,0,-23,-45,-19,-43,-21,-44,-21,-44,2,1,0,0,1,0,0,0,0,0,0,0,0,0,0,0,22,NA,NA,par
Aphelinidae,Aphytis,antennalis,asex,1.4,1.4,0,0,0,0,0,1,0,22,114,22,114,22,114,22,114,1,NA,NA,NA,NA,NA,NA,NA,NA,NA,NA,NA,NA,NA,NA,NA,9,NA,NA,NA
Aphelinidae,Aphytis,aonidiae,asex,0.6,0.63,1,1,1,0,1,0,0,-38,-119,52,138,31,-1,39,20,25,31,0,0,1,0,0,0,0,0,0,0,0,0,0,0,5,NA,NA,par
Aphelinidae,Aphytis,capensis,sex,1.22,1.3,0,0,0,1,0,0,0,-31,23,-31,23,-31,23,-31,23,1,2,0,0,1,0,0,0,0,0,0,0,0,0,0,0,29,NA,NA,par
Aphelinidae,Aphytis,cercinus,sex,0.93,1.22,0,0,0,1,0,0,0,-31,18,-23,23,-27,21,-27,21,2,4,0,0,1,0,0,0,0,0,0,0,0,0,0,0,9,NA,NA,par
Aphelinidae,Aphytis,chilensis,asex,0.5,1.08,1,1,1,1,1,1,1,-41,-119,51,175,17,1,34,10,20,31,0,0,1,0,0,0,0,0,0,0,0,0,0,0,8,17,21,par
Aphelinidae,Aphytis,chrysomphali,asex,0.55,0.99,1,1,1,1,1,1,1,-38,-156,51,178,16,17,24,22,76,63,0,0,1,1,0,0,0,1,0,0,0,0,0,0,7,14,14,par
Aphelinidae,Aphytis,coheni,sex,0.86,1.11,1,0,1,1,0,0,0,-31,-119,39,35,23,4,33,27,6,6,0,0,1,1,0,0,0,0,0,0,0,0,0,0,3,NA,NA,par
Aphelinidae,Aphytis,columbi,sex,0.96,1.23,0,0,0,0,0,0,1,-31,-97,29,147,-8,64,-21,143,3,5,0,0,1,0,0,0,0,0,0,0,0,0,0,0,8,NA,NA,par
Aphelinidae,Aphytis,comperei,asex,0.77,1.07,1,1,0,1,1,1,0,-31,-103,32,114,17,-16,23,-77,7,9,0,0,1,0,0,0,0,0,0,0,0,0,0,0,6,NA,NA,par
Aphelinidae,Aphytis,confusus,sex,0.94,1.07,0,0,0,1,0,1,0,-31,23,23,113,-4,68,-4,68,2,3,0,0,1,0,0,0,0,0,0,0,0,0,0,0,6,NA,NA,par
Aphelinidae,Aphytis,costalimai,sex,0.81,1.18,0,1,0,0,0,0,0,-38,-64,-19,-43,-25,-51,-23,-47,5,4,0,0,1,0,0,0,0,0,0,0,0,0,0,0,30,NA,NA,par
Aphelinidae,Aphytis,cylindratus,sex,0.76,1.36,1,1,0,0,1,0,0,-23,-119,37,138,3,-35,-9,-45,7,5,0,0,1,0,0,0,0,0,0,0,0,0,0,0,7,17,17,par
Aphelinidae,Aphytis,debachi,sex,0.77,0.98,1,0,0,0,1,1,0,22,-119,37,138,29,73,24,114,5,3,0,0,1,0,0,0,0,0,0,0,0,0,0,0,7,18,21,par
Aphelinidae,Aphytis,desantisi,asex,0.65,0.87,0,1,0,0,0,0,0,-38,-64,-38,-64,-38,-64,-38,-64,1,1,0,0,1,0,0,0,0,0,0,0,0,0,0,0,6,NA,NA,par
Aphelinidae,Aphytis,equatorialis,sex,0.7,0.8,0,0,0,1,0,0,0,-31,-6,8,23,-12,9,-12,9,2,1,0,0,1,0,0,0,0,0,0,0,0,0,0,0,0,NA,NA,par
Aphelinidae,Aphytis,faurei,sex,1.13,1.62,0,0,0,1,0,0,0,-31,23,-31,23,-31,23,-31,23,1,2,0,0,1,0,0,0,0,0,0,0,0,0,0,0,9,NA,NA,par
Aphelinidae,Aphytis,fioriniae,asex,0.76,0.93,0,0,0,0,0,1,0,26,93,26,93,26,93,26,93,1,1,0,0,1,0,0,0,0,0,0,0,0,0,0,0,27,NA,NA,par
Aphelinidae,Aphytis,fisheri,sex,0.68,1.24,1,0,0,1,1,1,0,-31,-119,37,138,19,63,23,87,8,4,0,0,1,0,0,0,0,0,0,0,0,0,0,0,3,13,14,par
Aphelinidae,Aphytis,griseus,sex,0.67,1.17,0,0,0,1,0,0,0,-31,23,-31,23,-31,23,-31,23,1,4,0,0,1,0,0,0,0,0,0,0,0,0,0,0,6,NA,NA,par
Aphelinidae,Aphytis,haywardi,asex,0.78,0.98,0,1,0,0,0,0,0,-38,-64,-33,-56,-35,-60,-35,-60,2,1,0,0,1,0,0,0,0,0,0,0,0,0,0,0,22,NA,NA,par
Aphelinidae,Aphytis,holoxanthus,sex,0.92,1.18,1,1,1,1,1,1,1,-38,-119,37,143,13,-3,22,-52,23,12,0,0,1,0,0,0,0,0,0,0,0,0,0,0,3,12,14,par
Aphelinidae,Aphytis,hyalinipennis,sex,1.19,1.34,0,0,0,0,0,0,1,-21,166,-21,166,-21,166,-21,166,1,1,0,0,0,0,0,0,0,0,0,0,0,1,0,0,28,NA,NA,phyt
Aphelinidae,Aphytis,immaculatus,sex,0.84,1.03,1,0,0,0,0,1,0,23,-119,37,121,28,38,24,113,3,5,0,0,1,0,0,0,0,0,0,0,0,0,0,0,7,NA,NA,par
Aphelinidae,Aphytis,japonicus,sex,0.73,0.89,0,0,0,0,1,0,0,36,128,36,138,36,133,36,133,2,2,0,0,1,0,0,0,0,0,0,0,0,0,0,0,27,16,20,par
Aphelinidae,Aphytis,lepidosaphes,sex,0.9,1.15,1,1,1,1,0,1,1,-38,-156,42,178,15,6,22,13,39,8,0,0,1,0,0,0,0,0,0,0,0,0,0,0,7,17,17,par
Aphelinidae,Aphytis,libanicus,asex,0.7,1.14,0,0,1,0,0,0,0,27,13,42,54,34,34,33,35,6,6,0,0,1,0,0,0,0,0,0,0,0,0,0,0,5,NA,NA,par
Aphelinidae,Aphytis,lingnanensis,asex,0.73,1.05,1,1,1,1,1,1,1,-38,-119,40,178,11,26,18,35,51,23,0,0,1,0,0,0,0,0,0,0,0,0,0,0,3,15,15,par
Aphelinidae,Aphytis,luteus,sex,0.87,1.5,0,0,1,0,0,0,0,35,9,51,33,43,18,42,16,6,4,0,0,1,0,0,0,0,0,0,0,0,0,0,0,5,NA,NA,par
Aphelinidae,Aphytis,margaretae,sex,0.78,1.11,0,1,0,0,0,0,0,-23,-103,24,-43,0,-73,0,-73,2,6,0,0,1,0,0,0,0,0,0,0,0,0,0,0,0,NA,NA,par
Aphelinidae,Aphytis,mazalae,sex,0.79,0.82,0,0,0,0,1,1,0,23,69,36,138,28,110,27,117,4,10,0,0,1,0,0,0,0,0,0,0,0,0,0,0,27,NA,NA,par
Aphelinidae,Aphytis,melinus,sex,0.73,1.01,1,1,1,1,0,1,1,-38,-119,52,145,13,22,24,22,30,24,0,0,1,0,0,0,0,0,0,0,0,0,0,0,3,12,13,par
Aphelinidae,Aphytis,merceti,sex,1.02,1.68,0,0,0,1,0,0,0,-31,23,-31,23,-31,23,-31,23,1,9,0,0,1,0,0,0,0,0,0,0,0,0,0,0,9,NA,NA,par
Aphelinidae,Aphytis,moldavicus,asex,0.67,1.02,0,0,1,0,1,0,0,32,-83,50,71,42,8,43,22,4,4,0,0,1,0,0,0,0,0,0,0,0,0,0,0,5,NA,NA,par
Aphelinidae,Aphytis,mytilaspidis,both,0.75,1.26,1,1,1,1,1,1,1,-41,-128,60,175,35,-12,40,5,83,88,0,0,1,0,0,0,0,0,0,0,0,0,0,0,0,19,21,par
Aphelinidae,Aphytis,notialis,sex,0.81,1.22,0,1,0,0,0,0,0,-38,-72,-36,-64,-37,-68,-37,-68,2,4,0,0,1,0,0,0,0,0,0,0,0,0,0,0,5,NA,NA,par
Aphelinidae,Aphytis,obscurus,sex,0.76,1.11,0,1,0,0,0,0,0,-34,-58,-34,-58,-34,-58,-34,-58,1,2,0,0,1,0,0,0,0,0,0,0,0,0,0,0,22,NA,NA,par
Aphelinidae,Aphytis,opuntiae,asex,0.7,1.2,0,0,1,0,0,0,0,39,-4,42,22,40,10,40,13,3,2,0,0,1,0,0,0,0,0,0,0,0,0,0,0,29,NA,NA,par
Aphelinidae,Aphytis,paramaculicornis,sex,0.66,1.16,1,0,1,1,1,1,0,-31,-119,37,76,25,17,32,39,10,11,0,0,1,0,0,0,0,0,0,0,0,0,0,0,10,17,17,par
Aphelinidae,Aphytis,philippinensis,sex,0.94,1.18,0,0,1,0,1,1,0,11,31,27,122,19,85,19,86,6,7,0,0,1,0,0,0,0,0,0,0,0,0,0,0,6,NA,NA,par
Aphelinidae,Aphytis,phoenicis,asex,0.55,0.88,0,0,1,0,0,0,0,24,31,31,45,27,37,27,35,3,1,0,0,1,0,0,0,0,0,0,0,0,0,0,0,5,NA,NA,par
Aphelinidae,Aphytis,pinnaspidis,sex,0.63,1,0,1,0,0,0,1,0,-23,-103,24,79,5,-19,12,-39,6,5,0,0,1,0,0,0,0,0,0,0,0,0,0,0,6,NA,NA,par
Aphelinidae,Aphytis,sensorius,sex,0.52,0.74,0,0,0,0,1,0,0,30,69,30,69,30,69,30,69,1,1,0,0,1,0,0,0,0,0,0,0,0,0,0,0,27,NA,NA,par
Aphelinidae,Aphytis,taylori,sex,0.75,1.15,0,0,0,1,0,0,0,-31,23,-31,23,-31,23,-31,23,1,1,0,0,1,0,0,0,0,0,0,0,0,0,0,0,29,NA,NA,par
Aphelinidae,Aphytis,testaceus,asex,0.99,1.23,0,0,1,0,0,0,0,40,20,47,48,45,35,45,36,4,7,0,0,1,0,0,0,0,0,0,0,0,0,0,0,6,NA,NA,par
Aphelinidae,Aphytis,tucumani,sex,0.95,1.14,0,1,0,0,0,0,0,-38,-64,-38,-64,-38,-64,-38,-64,1,1,0,0,1,0,0,0,0,0,0,0,0,0,0,0,6,NA,NA,par
Aphelinidae,Aphytis,vandenboschi,asex,0.57,1.14,1,0,1,0,1,1,0,23,-119,41,138,34,43,36,113,7,12,0,0,1,0,0,0,0,0,0,0,0,0,0,0,10,16,20,par
Aphelinidae,Aphytis,vastus,asex,0.7,0.7,0,0,0,1,0,0,0,-23,18,-23,18,-23,18,-23,18,1,NA,0,0,1,0,0,0,0,0,0,0,0,0,0,0,27,NA,NA,par
Aphelinidae,Aphytis,wallumbillae,asex,0.89,0.89,0,0,0,0,0,0,1,-21,143,-21,143,-21,143,-21,143,1,NA,0,0,0,0,0,0,0,0,0,0,0,0,0,0,28,NA,NA,NA
Aphelinidae,Aphytis,yanonensis,asex,NA,NA,0,0,1,0,1,1,0,24,2,46,138,31,98,28,107,7,3,0,0,1,0,0,0,0,0,0,0,0,0,0,0,3,NA,NA,par
Aphelinidae,Aphytis,yasumatsui,sex,NA,NA,0,0,0,0,1,0,0,36,138,36,138,36,138,36,138,1,5,0,1,1,0,0,0,0,0,0,0,0,0,0,0,3,NA,NA,par
Aphelinidae,Encarsia,bimaculata,sex,NA,NA,1,1,1,1,0,1,1,-35,-111,34,149,8,44,15,101,19,4,0,1,0,0,0,0,0,0,0,0,0,0,0,0,11,11,15,par
Aphelinidae,Encarsia,cibcensis,sex,0.52,0.68,0,0,0,0,0,1,0,-21,-160,32,167,12,25,21,69,7,8,0,1,0,0,0,0,0,0,0,0,0,0,0,0,12,NA,NA,par
Aphelinidae,Encarsia,citrina,asex,0.5,0.5,1,1,1,1,1,1,1,-41,-176,72,178,22,0,31,4,103,158,0,1,1,0,0,0,0,1,0,0,0,0,0,0,12,NA,NA,par
Aphelinidae,Encarsia,formosa,asex,0.59,0.59,1,1,1,1,1,1,1,-41,-175,62,178,29,-2,39,8,95,29,0,1,0,1,0,0,0,1,0,0,0,1,0,0,2,14,21,par
Aphelinidae,Encarsia,gennaroi,sex,NA,NA,1,0,1,0,0,0,1,-25,-119,46,134,29,-11,32,-1,10,2,0,1,0,0,0,0,0,0,0,0,0,0,0,0,32,NA,NA,par
Aphelinidae,Encarsia,guadaloupae,asex,0.6,0.75,1,1,1,1,0,1,1,-18,-156,28,178,10,38,9,73,23,10,0,1,0,0,0,0,0,0,0,0,0,0,0,0,13,23,23,par
Aphelinidae,Encarsia,Haitensis,sex,0.538,0.538,0,1,0,1,0,1,0,6,-156,24,121,18,-50,20,-72,7,5,0,1,0,0,0,0,0,0,0,0,0,0,0,0,13,NA,NA,par
Aphelinidae,Encarsia,Hispida-brasiliensis,asex,0.47,0.47,1,1,1,1,0,0,0,-38,-149,52,23,11,-58,16,-67,31,36,0,1,0,0,0,0,0,0,0,0,0,0,0,0,13,NA,NA,par
Aphelinidae,Encarsia,Luteola-deserti,sex,0.49,0.49,1,1,1,0,1,0,0,-36,-119,42,35,20,-67,28,-73,17,19,0,1,0,0,0,0,0,0,0,0,0,1,0,0,2,11,12,par
Aphelinidae,Encarsia,meritoria,both,0.6,0.6,1,1,1,1,0,0,0,-31,-119,46,35,23,-51,31,-65,15,21,0,1,0,0,0,0,0,1,0,0,0,1,0,0,0,11,11,par
Aphelinidae,Encarsia,oakeyensis,NA,NA,NA,0,0,0,0,0,0,1,-21,143,-21,143,-21,143,-21,143,1,4,0,1,0,0,0,0,0,0,0,0,0,0,0,0,0,NA,NA,par
Aphelinidae,Encarsia,protransvena,asex,0.7,0.7,1,1,1,1,1,1,1,-38,-156,42,178,15,-20,24,-67,21,22,0,1,1,0,0,0,0,0,0,0,0,0,0,0,11,NA,NA,par
Aphelinidae,Encarsia,smithi,sex,0.8,0.8,1,1,0,1,1,1,0,-31,-156,37,158,19,52,23,81,27,9,0,1,1,0,0,0,0,1,0,0,0,0,0,0,12,NA,NA,par
Aphelinidae,Encarsia,Sophia-transvena,sex,0.45,0.7,1,1,1,1,1,1,1,-38,-156,42,143,16,30,20,38,61,39,1,1,1,1,0,0,0,1,0,0,0,0,0,0,14,13,14,par
Aphelinidae,Encarsia,strenua,asex,1.1,1.1,1,1,1,0,1,1,0,-1,-119,40,138,24,34,24,81,19,14,0,1,0,0,0,0,0,0,0,0,0,0,0,0,14,NA,NA,par
Aphelinidae,Encarsia,suzannae,sex,NA,NA,1,0,0,0,0,0,0,32,-100,32,-100,32,-100,32,-100,1,2,0,1,0,0,0,0,0,0,0,0,0,0,0,0,32,NA,NA,par
Aphelinidae,Encarsia,tabacivora,asex,NA,NA,1,1,0,0,0,0,0,-19,-119,37,45,23,-98,32,-111,5,1,0,1,0,0,0,0,0,0,0,0,0,0,0,0,32,NA,NA,par
Aphelinidae,Eretmocerus,debachi,asex,0.789,0.789,1,0,1,0,0,0,0,31,-119,46,54,38,3,38,11,8,1,0,1,0,0,0,0,0,0,0,0,0,0,0,0,4,14,15,par
Aphelinidae,Eretmocerus,eremicus,sex,0.45,0.55,1,1,1,0,0,0,0,23,-119,51,54,34,-36,33,-12,12,6,0,1,0,0,0,0,0,0,0,0,0,1,0,0,15,17,17,par
Aphelinidae,Eretmocerus,haldemani,sex,0.598,0.598,1,1,1,0,0,1,0,-9,-119,48,81,32,-33,37,-75,11,12,0,1,0,0,0,0,0,0,0,0,0,1,0,0,4,NA,NA,par
Aphelinidae,Eretmocerus,hayati,sex,0.8,1,1,0,0,0,0,1,1,21,-119,37,79,31,-36,32,-100,5,3,0,1,0,0,0,0,0,0,0,0,0,0,0,0,0,14,17,par
Aphelinidae,Eretmocerus,mundus,both,0.6,0.7,1,0,1,1,1,1,1,-21,-119,55,167,28,32,31,34,49,19,0,1,0,0,0,0,0,0,0,0,0,0,0,0,0,16,18,par
Aphelinidae,Eretmocerus,warrae,asex,NA,NA,0,0,0,0,0,0,1,-31,-97,29,147,-16,90,-28,136,5,1,0,1,0,0,0,0,0,0,0,0,0,0,0,0,15,NA,NA,par
Torymidae,Megastigmus,atedius,sex,1.9,4,1,0,1,0,1,0,0,34,-149,64,105,48,-53,48,-84,18,17,0,0,0,0,0,0,0,0,0,0,0,0,1,0,17,NA,NA,phyt
Torymidae,Megastigmus,borriesi,asex,2.4,3.7,0,0,1,0,1,0,0,36,10,62,138,51,81,56,105,5,5,0,0,0,0,0,0,0,0,0,0,0,0,1,0,17,NA,NA,phyt
Torymidae,Megastigmus,brevicaudis,asex,2.4,2.4,1,0,1,0,1,0,0,41,-95,64,104,52,6,52,13,16,8,0,0,0,0,0,1,0,0,0,0,0,1,0,0,16,NA,NA,par
Torymidae,Megastigmus,cryptomeriae,sex,1.8,3,0,0,0,0,1,1,0,24,114,36,138,29,121,29,119,6,3,0,0,0,0,0,0,0,0,0,0,0,0,0,1,16,NA,NA,phyt
Torymidae,Megastigmus,hoffmeyeri,sex,1.9,3,1,0,1,0,0,0,0,34,-118,62,26,47,-56,42,-74,7,2,0,0,0,0,0,0,0,0,0,0,0,0,1,0,19,NA,NA,phyt
Torymidae,Megastigmus,hypogeus,sex,3.9,5.1,0,0,0,1,0,0,0,0,38,0,38,0,38,0,38,1,2,0,0,0,0,0,0,0,0,0,0,0,1,0,0,18,NA,NA,phyt
Torymidae,Megastigmus,likiangensis,sex,2.3,2.4,0,0,0,0,0,1,0,25,103,25,103,25,103,25,103,1,1,0,0,0,0,0,0,0,0,0,0,0,0,1,0,19,NA,NA,phyt
Torymidae,Megastigmus,nigrovariegatus,sex,3.2,3.2,1,0,1,0,0,0,0,34,-149,64,2,43,-90,42,-89,26,25,0,0,0,0,0,1,0,0,0,0,0,1,0,0,16,NA,NA,par
Torymidae,Megastigmus,pictus,asex,1.9,3.3,0,0,1,0,1,0,0,38,-3,62,127,49,46,49,22,24,11,0,0,0,0,0,0,0,0,0,0,0,0,1,0,19,NA,NA,phyt
Torymidae,Megastigmus,pinsapinis,asex,4,5.6,0,0,1,0,0,0,0,28,-7,46,13,38,1,40,2,5,8,0,0,0,0,0,0,0,0,0,0,0,0,1,0,17,NA,NA,phyt
Torymidae,Megastigmus,pistaciae,asex,3.5,3.5,1,1,1,0,1,0,1,-25,-119,62,134,36,24,39,31,29,11,0,0,0,0,0,0,0,0,0,0,0,1,0,0,18,NA,NA,phyt
Torymidae,Megastigmus,rosae,asex,2.1,3.2,0,0,1,0,1,0,0,32,-83,56,71,44,29,47,36,16,10,0,0,0,0,0,0,0,1,0,0,0,1,0,0,16,NA,NA,par
Torymidae,Megastigmus,schimitscheki,sex,4.8,5.3,0,0,1,0,0,0,0,34,2,46,39,37,28,35,34,6,4,0,0,0,0,0,0,0,0,0,0,0,0,1,0,17,NA,NA,phyt
Torymidae,Megastigmus,spermotrophus,sex,2.8,4.3,1,0,1,0,0,0,0,45,-128,62,26,52,-9,51,13,12,14,0,0,0,0,0,0,0,1,0,0,0,0,1,0,19,NA,NA,par
Torymidae,Megastigmus,strobilobius,sex,2.3,3.7,0,0,1,0,1,0,0,39,-3,63,104,52,29,51,22,29,16,0,0,0,0,0,0,0,0,0,0,0,0,1,0,19,NA,NA,phyt
Torymidae,Megastigmus,suspectus,asex,3.5,5.7,0,0,1,0,1,0,0,28,-83,62,71,47,15,48,17,24,18,0,0,0,0,0,0,0,0,0,0,0,0,1,0,17,14,14,phyt
Torymidae,Megastigmus,transvaalensis,sex,2.4,2.7,0,1,1,1,0,0,0,-38,-156,46,56,11,-28,24,-8,15,20,0,0,0,0,0,0,0,0,0,0,0,1,0,0,18,NA,NA,phyt
Torymidae,Megastigmus,tsugae,sex,2.5,2.5,1,0,0,0,0,0,0,39,-128,54,-77,45,-108,44,-121,3,3,0,0,0,0,0,0,0,0,0,0,0,0,1,0,17,NA,NA,phyt
Torymidae,Torymus,arundinis,sex,1.59,2.12,0,0,1,0,1,0,0,32,-83,60,143,48,17,49,17,16,8,0,0,0,0,1,0,1,1,0,0,0,0,0,0,25,NA,NA,par
Torymidae,Torymus,bedeguaris,asex,NA,NA,1,0,1,0,1,0,0,32,-128,60,75,45,-12,44,14,52,29,0,0,0,0,1,0,0,1,0,0,0,0,0,0,25,NA,NA,par
Torymidae,Torymus,impar,sex,3.5,3.9,0,0,1,0,1,0,0,32,-83,62,71,49,19,51,19,16,6,0,0,0,0,1,0,0,1,0,0,0,0,0,0,25,NA,NA,par
Trichogrammatidae,Megaphragma,amalphitanum,sex,0.225,0.275,0,0,1,0,0,0,0,39,-8,46,13,42,2,42,2,3,2,0,0,0,0,0,0,0,0,1,0,0,0,0,0,26,NA,NA,par
Trichogrammatidae,Megaphragma,mymaripenne,asex,0.252,0.252,1,1,1,0,0,0,0,-38,-156,38,14,11,-78,19,-72,8,4,0,0,0,0,0,0,0,0,1,0,0,0,0,0,26,NA,NA,par
Trichogrammatidae,Trichogramma,alpha,sex,NA,NA,1,1,0,0,0,0,0,34,-119,54,-63,42,-91,39,-92,9,2,0,0,0,0,0,1,0,0,0,0,0,0,0,0,21,NA,NA,par
Trichogrammatidae,Trichogramma,atopovirilla,asex,NA,NA,1,1,0,0,0,0,0,-25,-103,32,-37,5,-72,10,-76,12,26,0,0,0,0,0,1,0,0,0,0,0,1,0,0,31,NA,NA,par
Trichogrammatidae,Trichogramma,aurosum,sex,NA,NA,1,0,1,0,1,0,0,34,-149,64,113,45,-73,44,-95,18,8,0,0,0,0,0,1,0,1,0,0,0,0,0,0,21,NA,NA,par
Trichogrammatidae,Trichogramma,australicum,sex,NA,NA,0,1,0,0,1,1,1,-28,-156,36,143,9,35,13,73,37,62,0,0,0,0,1,1,0,0,0,0,0,0,0,0,23,7,8,par
Trichogrammatidae,Trichogramma,bezdencovii,asex,NA,NA,0,1,1,0,0,0,0,-36,-72,54,45,33,16,46,30,6,5,0,0,0,0,0,1,0,0,0,0,0,0,0,0,0,NA,NA,par
Trichogrammatidae,Trichogramma,bourarachae,sex,NA,NA,0,0,1,0,0,0,0,32,-8,39,10,35,-2,34,-7,3,6,0,0,0,0,0,1,0,0,0,1,0,0,0,0,23,NA,NA,par
Trichogrammatidae,Trichogramma,cacaeciae,asex,NA,NA,1,1,1,0,1,1,0,-38,-119,59,127,41,15,46,22,40,58,0,0,0,1,1,1,0,1,0,0,0,0,0,0,24,NA,NA,par
Trichogrammatidae,Trichogramma,closterae,sex,NA,NA,0,0,0,0,1,1,0,30,114,42,123,35,118,34,117,6,17,0,0,0,0,0,1,0,0,0,0,0,0,0,0,21,NA,NA,par
Trichogrammatidae,Trichogramma,cordubensis,asex,NA,NA,0,0,1,0,0,0,0,32,-26,40,54,37,0,38,-8,5,14,0,0,0,0,0,1,0,0,0,1,0,0,0,0,0,15,17,par
Trichogrammatidae,Trichogramma,dianae,asex,NA,NA,1,0,0,0,0,0,0,28,-92,39,-77,35,-82,36,-81,6,NA,0,0,0,0,0,0,0,0,0,0,0,0,0,0,0,NA,NA,NA
Trichogrammatidae,Trichogramma,flavum,asex,NA,NA,1,0,0,0,1,0,0,28,-82,38,114,33,16,33,16,2,1,0,0,1,0,0,0,0,0,0,0,0,0,0,0,0,NA,NA,par
Trichogrammatidae,Trichogramma,lasallei,sex,NA,NA,1,1,0,0,0,0,0,-33,-103,28,-47,4,-69,14,-65,12,8,0,0,0,0,0,1,0,0,0,0,0,1,0,0,31,NA,NA,par
Trichogrammatidae,Trichogramma,lopezandinensis,sex,NA,NA,0,1,0,0,0,0,0,5,-74,5,-74,5,-74,5,-74,1,5,0,0,0,0,0,1,0,0,0,0,0,0,0,0,31,NA,NA,par
Trichogrammatidae,Trichogramma,nerudai,sex,NA,NA,0,1,0,0,0,0,0,-38,-72,-36,-64,-37,-68,-37,-68,2,8,0,0,0,0,0,1,0,0,0,0,0,0,0,0,23,9,11,par
Trichogrammatidae,Trichogramma,nubilale,asex,NA,NA,1,0,0,0,0,1,0,23,-100,47,113,36,-67,38,-82,11,14,0,0,0,0,0,1,0,0,0,0,0,0,0,0,23,NA,NA,par
Trichogrammatidae,Trichogramma,oleae,asex,NA,NA,0,1,1,0,0,0,0,-38,-64,46,22,22,-7,40,7,4,7,0,0,0,0,0,1,0,0,0,0,0,0,0,0,20,NA,NA,par
Trichogrammatidae,Trichogramma,ostriniae,sex,0.5,0.65,1,0,0,1,1,1,0,-31,-84,46,138,33,82,37,117,18,23,0,0,0,0,0,1,0,0,0,0,0,0,0,0,21,NA,NA,par
Trichogrammatidae,Trichogramma,pratti,sex,NA,NA,1,0,0,0,0,0,0,37,-119,37,-119,37,-119,37,-119,1,1,0,0,0,0,0,1,0,0,0,0,0,0,0,0,20,NA,NA,par
Trichogrammatidae,Trichogramma,sathon,sex,NA,NA,1,1,0,0,0,0,0,24,-119,37,-100,32,-108,34,-106,5,5,0,0,0,0,0,1,0,0,0,0,0,0,0,0,20,NA,NA,par
Trichogrammatidae,Trichogramma,semblidis,asex,0.5,0.5,1,0,1,0,1,1,0,15,-149,64,83,47,-16,47,8,32,59,0,0,0,0,1,1,1,1,0,0,1,0,0,0,0,NA,NA,par
Trichogrammatidae,Trichogramma,sibericum,asex,NA,NA,1,0,0,0,1,0,0,37,-128,54,113,45,-53,45,-98,4,6,0,0,0,0,0,1,0,0,0,0,0,0,0,0,21,NA,NA,par
Trichogrammatidae,Trichogramma,tshumakovae,sex,NA,NA,0,0,1,0,1,0,0,32,54,41,75,37,64,37,64,2,2,0,0,0,0,0,1,0,0,0,0,0,0,0,0,24,NA,NA,par
Trichogrammatidae,Trichogrammatoidea,armigera,sex,0.45,0.5,0,1,0,1,0,1,0,-31,-122,39,122,11,-11,13,-61,21,16,0,0,0,0,0,1,0,0,0,0,0,0,0,0,23,NA,NA,par
Trichogrammatidae,Trichogrammatoidea,bactrae,sex,0.42,0.5,1,1,1,0,0,1,1,-41,-119,37,175,5,72,13,101,22,41,0,0,0,0,1,1,0,0,0,0,0,0,0,0,23,NA,NA,par
