genus,species,num_orders,num_fam,num_spp
Allomymar,taitae,0,0,0
Aphelinus,abdominalis,2,2,36
Aphelinus,acuminatus,0,0,0
Aphelinus,albipodus,1,1,17
Aphelinus,ancer,1,1,1
Aphelinus,annulipes,1,1,7
Aphelinus,argiope,1,1,3
Aphelinus,asychis,2,2,55
Aphelinus,atriplicis,1,1,2
Aphelinus,aureus,1,1,2
Aphelinus,automatus,1,1,3
Aphelinus,babaneuri,0,0,0
Aphelinus,basilicus,0,0,0
Aphelinus,campestris,0,0,0
Aphelinus,ceratovacunae,1,1,1
Aphelinus,certus,0,0,0
Aphelinus,chaonia,1,1,17
Aphelinus,circumscriptus,0,0,0
Aphelinus,confusus,1,1,3
Aphelinus,coracinus,0,0,0
Aphelinus,coreae,1,1,4
Aphelinus,curvifasciatus,0,0,0
Aphelinus,daqingensis,1,1,1
Aphelinus,daucicola,1,1,13
Aphelinus,demyaati,1,1,1
Aphelinus,desantisi,1,1,2
Aphelinus,dies,0,0,0
Aphelinus,elvestueni,0,0,0
Aphelinus,engaeus,1,1,2
Aphelinus,ficusae,0,0,0
Aphelinus,flaviventris,1,1,4
Aphelinus,flavus,2,3,10
Aphelinus,fulvus,1,1,2
Aphelinus,fusciscapus,0,0,0
Aphelinus,fuscus,1,1,1
Aphelinus,gillettei,1,1,1
Aphelinus,glycinis,1,1,2
Aphelinus,gossypii,2,4,22
Aphelinus,hongkongensis,0,0,0
Aphelinus,hordei,1,1,4
Aphelinus,howardii,1,1,2
Aphelinus,huberi,0,0,0
Aphelinus,humilis,1,1,6
Aphelinus,hyalopteraphidis,1,1,1
Aphelinus,japonicus,0,0,0
Aphelinus,jucundus,2,2,10
Aphelinus,kurdjumovi,1,1,2
Aphelinus,lankaensis,0,0,0
Aphelinus,lapisligni,1,1,4
Aphelinus,literatus,1,1,1
Aphelinus,longipennis,0,0,0
Aphelinus,lucidus,1,1,2
Aphelinus,lusitanicus,0,0,0
Aphelinus,maculatus,1,1,2
Aphelinus,maidis,1,1,3
Aphelinus,mali,2,5,35
Aphelinus,mariscusae,1,1,1
Aphelinus,marlatti,1,1,2
Aphelinus,megadontus,1,1,1
Aphelinus,meghalayanus,0,0,0
Aphelinus,meridionalis,1,1,4
Aphelinus,minutus,0,0,0
Aphelinus,nepalensis,0,0,0
Aphelinus,niger,0,0,0
Aphelinus,notatus,0,0,0
Aphelinus,nox,0,0,0
Aphelinus,odin,0,0,0
Aphelinus,paluscolus,0,0,0
Aphelinus,paoliellae,1,1,1
Aphelinus,paramali,1,1,3
Aphelinus,pax,0,0,0
Aphelinus,perpallidus,1,1,7
Aphelinus,polaszeki,1,1,1
Aphelinus,prociphili,1,1,1
Aphelinus,quercus,0,0,0
Aphelinus,rhamni,1,1,4
Aphelinus,rhopalosiphiphagus,1,1,1
Aphelinus,sanborniae,2,2,4
Aphelinus,semiflavus,3,4,43
Aphelinus,sharpae,0,0,0
Aphelinus,siphonophorae,2,2,8
Aphelinus,spiraecolae,1,1,3
Aphelinus,subauriceps,0,0,0
Aphelinus,subflavescens,1,1,16
Aphelinus,takecallis,1,1,1
Aphelinus,taurus,0,0,0
Aphelinus,tetrataenion,0,0,0
Aphelinus,thomsoni,1,1,3
Aphelinus,tiliaphidis,1,1,1
Aphelinus,uncinctiventris,0,0,0
Aphelinus,varipes,2,5,25
Aphelinus,wenshanus,1,1,1
Aphelinus,yasnoshae,0,0,0
Aphytis,aberrans,1,1,1
Aphytis,abnormis,1,2,10
Aphytis,acalcaratus,1,1,1
Aphytis,acrenulatus,1,1,2
Aphytis,africanus,2,2,10
Aphytis,alami,1,1,2
Aphytis,albus,1,1,1
Aphytis,alexandrina,1,1,1
Aphytis,aligarhensis,0,0,0
Aphytis,amazonensis,0,0,0
Aphytis,angeloni,0,0,0
Aphytis,anneckei,1,1,2
Aphytis,antennalis,0,0,0
Aphytis,aonidiae,1,3,31
Aphytis,azai,0,0,0
Aphytis,bangalorensis,1,1,1
Aphytis,bedfordi,0,0,0
Aphytis,capensis,1,1,1
Aphytis,caucasicus,1,1,1
Aphytis,cercinus,1,1,4
Aphytis,chilensis,1,2,31
Aphytis,chionaspis,1,1,2
Aphytis,chrysomphali,2,4,64
Aphytis,coheni,1,1,6
Aphytis,columbi,1,2,5
Aphytis,comperei,1,1,9
Aphytis,confusus,1,1,3
Aphytis,cornuaspis,1,1,1
Aphytis,cylindratus,1,2,5
Aphytis,debachi,1,1,3
Aphytis,desantisi,1,1,1
Aphytis,diaspidis,2,4,64
Aphytis,elongatus,0,0,0
Aphytis,equatorialis,1,1,1
Aphytis,erythraeus,1,1,2
Aphytis,faurei,0,0,0
Aphytis,fioriniae,1,1,1
Aphytis,fisheri,1,1,4
Aphytis,funicularis,1,1,7
Aphytis,gordoni,1,1,3
Aphytis,griseus,1,1,4
Aphytis,hispanicus,1,2,27
Aphytis,holoxanthus,2,2,13
Aphytis,huidongensis,1,1,1
Aphytis,ignotus,1,1,1
Aphytis,immaculatus,1,1,5
Aphytis,japonicus,1,1,2
Aphytis,keatsi,0,0,0
Aphytis,landii,1,1,1
Aphytis,lepidosaphes,2,3,10
Aphytis,liangi,0,0,0
Aphytis,libanicus,1,1,6
Aphytis,limonus,0,0,0
Aphytis,lindingaspis,1,1,2
Aphytis,lingnanensis,1,1,40
Aphytis,longicaudus,1,1,2
Aphytis,luteus,1,1,4
Aphytis,maculatipes,0,0,0
Aphytis,maculicornis,1,1,21
Aphytis,manii,1,1,1
Aphytis,margaretae,1,1,6
Aphytis,mashae,0,0,0
Aphytis,matruhi,1,1,1
Aphytis,mazalae,1,1,10
Aphytis,melinus,1,1,24
Aphytis,merceti,1,2,9
Aphytis,mimosae,1,2,2
Aphytis,minutissimus,1,1,1
Aphytis,miquihuana,1,1,1
Aphytis,moldavicus,1,1,4
Aphytis,mytilaspidis,1,3,88
Aphytis,neuter,1,1,1
Aphytis,newtoni,0,0,0
Aphytis,notialis,1,1,4
Aphytis,opuntiae,1,1,2
Aphytis,paramaculicornis,1,1,11
Aphytis,perissoptroides,0,0,0
Aphytis,philippinensis,1,1,7
Aphytis,phoenicis,1,1,1
Aphytis,pilosus,1,2,3
Aphytis,pinnaspidis,1,1,5
Aphytis,proclia,3,6,72
Aphytis,punctaticorpus,0,0,0
Aphytis,quadraspidioti,1,1,1
Aphytis,riyadhi,1,1,3
Aphytis,rolaspidis,1,1,1
Aphytis,roseni,1,1,1
Aphytis,ruskini,0,0,0
Aphytis,salvadorensis,0,0,0
Aphytis,sankarani,1,1,3
Aphytis,secundus,0,0,0
Aphytis,sensorius,1,1,1
Aphytis,setosus,1,1,1
Aphytis,simmondsiae,1,1,1
Aphytis,simplex,1,1,1
Aphytis,sinaii,1,1,1
Aphytis,stepanovi,1,1,1
Aphytis,taylori,1,1,1
Aphytis,testaceus,1,1,7
Aphytis,theae,1,1,2
Aphytis,tucumani,1,1,1
Aphytis,ulianovi,0,0,0
Aphytis,unaspidis,1,1,1
Aphytis,unicus,0,0,0
Aphytis,vandenboschi,1,1,12
Aphytis,vastus,0,0,0
Aphytis,wandoorensis,0,0,0
Aphytis,yanonensis,1,1,3
Aphytis,yasumatsui,1,2,5
Bardylis,australicus,1,1,5
Bardylis,australiensis,1,1,1
Bardylis,copernici,0,0,0
Bardylis,magnus,0,0,0
Bardylis,mea,0,0,0
Bardylis,metallicus,0,0,0
Bardylis,multiguttatus,0,0,0
Bardylis,shillingsworthi,0,0,0
Bardylis,silvensis,0,0,0
Botryoideclava,bharatiya,1,2,2
Botryoideclava,thailandica,0,0,0
Cales,berryi,1,1,1
Cales,bicolor,0,0,0
Cales,breviclava,0,0,0
Cales,brevisensillum,0,0,0
Cales,curvigladius,0,0,0
Cales,longiseta,0,0,0
Cales,multisensillum,0,0,0
Cales,noacki,2,4,22
Cales,noyesi,0,0,0
Cales,orchamoplati,1,1,1
Cales,parvigladius,0,0,0
Cales,rosei,1,1,1
Cales,spenceri,0,0,0
Centrodora,acridiphagus,1,1,1
Centrodora,amoena,2,2,2
Centrodora,australiensis,1,1,1
Centrodora,azizi,1,1,3
Centrodora,bahara,0,0,0
Centrodora,bifasciata,0,0,0
Centrodora,brevifuniculata,1,1,2
Centrodora,brevispinae,0,0,0
Centrodora,cercopiphagus,1,1,1
Centrodora,cicadae,1,1,5
Centrodora,citri,1,1,1
Centrodora,crocata,1,1,2
Centrodora,damoni,0,0,0
Centrodora,darwini,3,7,8
Centrodora,dorsati,1,1,1
Centrodora,flava,2,2,4
Centrodora,flemingiae,0,0,0
Centrodora,fuscipennis,0,0,0
Centrodora,gerundensis,0,0,0
Centrodora,ghorpadei,0,0,0
Centrodora,giraulti,0,0,0
Centrodora,grotiusi,0,0,0
Centrodora,haeckeli,0,0,0
Centrodora,hamira,0,0,0
Centrodora,hexatricha,0,0,0
Centrodora,homopterae,0,0,0
Centrodora,idioceri,1,2,5
Centrodora,inconspicua,0,0,0
Centrodora,insulana,0,0,0
Centrodora,italica,3,3,3
Centrodora,lakma,0,0,0
Centrodora,liebermanni,1,1,1
Centrodora,lineascapa,0,0,0
Centrodora,livens,1,1,1
Centrodora,locustarum,2,3,9
Centrodora,mala,0,0,0
Centrodora,mandiana,0,0,0
Centrodora,maxima,0,0,0
Centrodora,merceti,0,0,0
Centrodora,miltoni,0,0,0
Centrodora,mireyae,1,1,1
Centrodora,ochrura,0,0,0
Centrodora,oophaga,1,1,2
Centrodora,orchelimumis,1,1,2
Centrodora,orthopterae,0,0,0
Centrodora,ossira,0,0,0
Centrodora,pathania,0,0,0
Centrodora,penthimiae,1,1,2
Centrodora,perkinsi,2,2,5
Centrodora,salicis,1,1,1
Centrodora,scolypopae,1,1,1
Centrodora,speciosissima,3,4,8
Centrodora,terrigena,0,0,0
Centrodora,tetratricha,0,0,0
Centrodora,tibialis,0,0,0
Centrodora,tomaspidis,1,2,9
Centrodora,tropicalis,0,0,0
Centrodora,uttara,0,0,0
Centrodora,xiphidii,3,4,6
Centrodora,zacateis,0,0,0
Coccobius,abdominis,1,1,1
Coccobius,addisoni,0,0,0
Coccobius,albiscutellum,0,0,0
Coccobius,aligarhensis,1,1,1
Coccobius,amala,0,0,0
Coccobius,annulicornis,2,4,32
Coccobius,aspidiellae,1,1,1
Coccobius,assamensis,0,0,0
Coccobius,atrithorax,1,1,1
Coccobius,azumai,2,2,3
Coccobius,bifasciatus,0,0,0
Coccobius,bimaculatus,1,1,1
Coccobius,binotatus,1,1,1
Coccobius,borovkovi,1,1,1
Coccobius,brachypterus,0,0,0
Coccobius,capensis,0,0,0
Coccobius,ceroplastidis,1,1,1
Coccobius,chaoi,0,0,0
Coccobius,comperei,1,1,3
Coccobius,confusus,1,1,1
Coccobius,contigaspidis,1,1,1
Coccobius,cosibus,0,0,0
Coccobius,costulatus,1,1,1
Coccobius,curtifuniculatus,0,0,0
Coccobius,cussoniae,0,0,0
Coccobius,danzigae,1,1,1
Coccobius,debachi,2,2,3
Coccobius,decemguttatus,0,0,0
Coccobius,diaspidis,1,1,2
Coccobius,donatellae,1,1,1
Coccobius,ephedraspidis,1,1,3
Coccobius,euphorbiae,0,0,0
Coccobius,fijiensis,1,1,1
Coccobius,flaviceps,1,1,2
Coccobius,flaviclavus,0,0,0
Coccobius,flavicornis,1,1,2
Coccobius,flavidus,1,1,1
Coccobius,flaviflagellatus,1,1,1
Coccobius,flaviventris,1,1,2
Coccobius,fulvus,1,2,8
Coccobius,furviflagellatus,2,3,3
Coccobius,furvus,0,0,0
Coccobius,fusciventris,0,0,0
Coccobius,gracilis,1,1,1
Coccobius,graminis,0,0,0
Coccobius,granati,1,1,1
Coccobius,himalayanus,0,0,0
Coccobius,himpradianus,0,0,0
Coccobius,howardi,1,1,4
Coccobius,indefinitus,1,1,4
Coccobius,ineditus,1,1,2
Coccobius,intermedius,1,1,3
Coccobius,jinshanensis,1,1,1
Coccobius,juliae,0,0,0
Coccobius,kato,1,1,1
Coccobius,kurbani,1,1,1
Coccobius,languidus,0,0,0
Coccobius,leptocerus,1,1,1
Coccobius,longialatus,0,0,0
Coccobius,longifuniculatus,0,0,0
Coccobius,lucaris,0,0,0
Coccobius,luteolus,1,1,1
Coccobius,maculatus,0,0,0
Coccobius,mesasiaticus,1,1,2
Coccobius,mirus,0,0,0
Coccobius,miyatakei,1,1,1
Coccobius,multicolor,0,0,0
Coccobius,nigriceps,0,0,0
Coccobius,nigriclavus,1,1,3
Coccobius,noaeae,1,1,1
Coccobius,notialis,0,0,0
Coccobius,nunu,1,1,1
Coccobius,octavia,0,0,0
Coccobius,odonaspidis,1,1,1
Coccobius,omari,1,1,1
Coccobius,paolii,1,1,1
Coccobius,phoebus,1,1,1
Coccobius,pistacicolus,1,1,2
Coccobius,popei,0,0,0
Coccobius,pullus,1,1,2
Coccobius,reticulatus,1,3,3
Coccobius,seminotus,2,4,5
Coccobius,stanfordi,1,1,1
Coccobius,subflavus,1,1,2
Coccobius,subterraneus,1,1,1
Coccobius,sumbarensis,1,1,1
Coccobius,superbus,0,0,0
Coccobius,sybariticus,1,1,1
Coccobius,townsendi,0,0,0
Coccobius,udakamundus,0,0,0
Coccobius,uvae,1,1,2
Coccobius,varicornis,1,2,22
Coccobius,viggianii,1,1,1
Coccobius,virgilii,0,0,0
Coccobius,wuyiensis,0,0,0
Coccobius,zalama,0,0,0
Coccophagoides,abnormicornis,1,1,1
Coccophagoides,aurithorax,0,0,0
Coccophagoides,kuwanae,1,1,3
Coccophagoides,orientalis,1,1,1
Coccophagoides,regulus,0,0,0
Coccophagoides,rex,0,0,0
Coccophagoides,singularis,0,0,0
Coccophagoides,utilis,2,2,2
Coccophagus,ablusus,1,1,1
Coccophagus,acanthosceles,1,1,2
Coccophagus,adumbratus,1,1,2
Coccophagus,adustus,1,1,9
Coccophagus,aethiopis,0,0,0
Coccophagus,aethochreus,1,1,2
Coccophagus,afrangiatus,0,0,0
Coccophagus,africanus,0,0,0
Coccophagus,albiapicella,0,0,0
Coccophagus,albicoxa,2,2,5
Coccophagus,albifuniculatus,0,0,0
Coccophagus,amblydon,1,1,1
Coccophagus,amoenus,0,0,0
Coccophagus,anchoroides,0,0,0
Coccophagus,angolensis,1,1,1
Coccophagus,anthracinus,1,1,6
Coccophagus,apricus,1,1,1
Coccophagus,argenteus,0,0,0
Coccophagus,argentifascia,0,0,0
Coccophagus,argentiscutellum,0,0,0
Coccophagus,argocoxa,1,1,1
Coccophagus,assamensis,0,0,0
Coccophagus,asterolecanii,1,1,1
Coccophagus,atratus,2,3,12
Coccophagus,aurantifrons,0,0,0
Coccophagus,aureonotus,0,0,0
Coccophagus,auricaput,0,0,0
Coccophagus,avetianae,1,1,3
Coccophagus,baldassarii,1,1,3
Coccophagus,bartletti,1,1,4
Coccophagus,basalis,1,1,6
Coccophagus,berzeliae,1,1,2
Coccophagus,biguttatus,0,0,0
Coccophagus,bimaculatus,1,1,2
Coccophagus,bivittatus,1,4,14
Coccophagus,bogoriensis,1,2,7
Coccophagus,brachypterus,0,0,0
Coccophagus,brasiliensis,1,1,1
Coccophagus,brethesi,1,1,2
Coccophagus,brevisetus,1,1,1
Coccophagus,brunneus,0,0,0
Coccophagus,burksi,0,0,0
Coccophagus,candidus,0,0,0
Coccophagus,caophongi,1,1,1
Coccophagus,capensis,1,1,4
Coccophagus,caridei,2,5,42
Coccophagus,catherinae,1,1,1
Coccophagus,caudatus,0,0,0
Coccophagus,ceroplastae,2,9,60
Coccophagus,chaetosus,1,1,1
Coccophagus,chengtuensis,1,1,3
Coccophagus,chilensis,0,0,0
Coccophagus,chloropulvinariae,1,1,1
Coccophagus,cinguliventris,1,1,2
Coccophagus,clavatus,1,1,1
Coccophagus,clavellatus,0,0,0
Coccophagus,coccidarum,1,1,1
Coccophagus,comperei,1,1,1
Coccophagus,concinnus,0,0,0
Coccophagus,conditus,1,1,1
Coccophagus,cooperatus,1,1,5
Coccophagus,copernicus,0,0,0
Coccophagus,coracinus,1,1,1
Coccophagus,cowperi,2,5,22
Coccophagus,crenatus,1,1,1
Coccophagus,croconotus,1,1,1
Coccophagus,crucigerus,0,0,0
Coccophagus,cryptus,1,1,1
Coccophagus,cubaensis,1,1,3
Coccophagus,debachi,0,0,0
Coccophagus,desantisi,0,0,0
Coccophagus,desertus,1,1,1
Coccophagus,diabolicus,0,0,0
Coccophagus,diachraceus,1,1,3
Coccophagus,differens,1,1,4
Coccophagus,dilatatus,0,0,0
Coccophagus,diminutus,1,1,1
Coccophagus,dius,0,0,0
Coccophagus,divisus,0,0,0
Coccophagus,eleaphilus,1,4,10
Coccophagus,emersoni,0,0,0
Coccophagus,equifuniculatus,0,0,0
Coccophagus,eusaissetiae,1,1,3
Coccophagus,euxanthodes,1,1,2
Coccophagus,excelsus,1,2,2
Coccophagus,exiguiventris,1,1,1
Coccophagus,fallax,1,3,9
Coccophagus,fasciatus,1,1,3
Coccophagus,femoralis,0,0,0
Coccophagus,flavescens,1,1,1
Coccophagus,flaviceps,1,1,1
Coccophagus,flavicorpus,1,1,1
Coccophagus,flavidus,1,1,1
Coccophagus,flavifrons,1,3,6
Coccophagus,flavoscutellum,1,1,1
Coccophagus,fletcheri,1,1,1
Coccophagus,formicariae,1,1,1
Coccophagus,fraternus,1,1,6
Coccophagus,fumadus,0,0,0
Coccophagus,funeralis,0,0,0
Coccophagus,gahani,1,1,9
Coccophagus,ghesquierei,1,1,1
Coccophagus,gigas,1,1,1
Coccophagus,gilvus,1,1,1
Coccophagus,gondolae,0,0,0
Coccophagus,gonzalezi,0,0,0
Coccophagus,gossypariae,1,1,2
Coccophagus,graminis,1,1,2
Coccophagus,gregarius,1,2,2
Coccophagus,grenadensis,0,0,0
Coccophagus,gurneyi,2,3,18
Coccophagus,hanoiensis,1,1,2
Coccophagus,hawaiiensis,1,3,32
Coccophagus,hemera,1,1,2
Coccophagus,hibisci,0,0,0
Coccophagus,hispaniolae,1,1,1
Coccophagus,immaculatus,1,3,13
Coccophagus,impensus,1,1,1
Coccophagus,indefinitus,1,1,1
Coccophagus,indochraceus,1,1,1
Coccophagus,inkermani,0,0,0
Coccophagus,insidiator,1,3,19
Coccophagus,insignis,0,0,0
Coccophagus,ishiii,1,1,14
Coccophagus,isipingoensis,1,2,5
Coccophagus,japonicus,1,2,13
Coccophagus,jasnoshae,1,1,1
Coccophagus,javensis,1,1,1
Coccophagus,kabulensis,1,1,1
Coccophagus,kvavadze,1,1,1
Coccophagus,lepidus,1,1,1
Coccophagus,leptospermi,0,0,0
Coccophagus,lii,0,0,0
Coccophagus,longiclavatus,1,2,4
Coccophagus,longicornis,1,1,2
Coccophagus,longifasciatus,1,1,10
Coccophagus,longipedicellus,1,1,1
Coccophagus,lucani,0,0,0
Coccophagus,lucidus,1,1,1
Coccophagus,luciensis,1,1,1
Coccophagus,lunai,0,0,0
Coccophagus,lutescens,1,1,3
Coccophagus,lycimnia,2,13,149
Coccophagus,maculipennis,1,1,2
Coccophagus,malthusi,1,1,3
Coccophagus,mangiferae,1,1,2
Coccophagus,margaritatus,1,2,2
Coccophagus,mariformis,1,1,1
Coccophagus,matsuyamensis,1,1,1
Coccophagus,mazatlan,1,1,1
Coccophagus,meghaianus,0,0,0
Coccophagus,merceti,1,1,1
Coccophagus,mexicanus,1,1,1
Coccophagus,mexicensis,1,1,2
Coccophagus,minor,1,1,1
Coccophagus,mixtus,0,0,0
Coccophagus,modestus,1,1,1
Coccophagus,multisetae,0,0,0
Coccophagus,narendrani,0,0,0
Coccophagus,neocomperei,1,1,1
Coccophagus,neserorum,1,1,1
Coccophagus,nesiotes,0,0,0
Coccophagus,nigrans,1,1,1
Coccophagus,nigricorpus,1,1,3
Coccophagus,nigricoxae,1,1,1
Coccophagus,nigritus,1,1,7
Coccophagus,nigropleurum,1,1,1
Coccophagus,nipponicus,1,1,3
Coccophagus,nubeculus,0,0,0
Coccophagus,nubes,1,1,6
Coccophagus,nympha,0,0,0
Coccophagus,obscurus,1,2,3
Coccophagus,ochraceus,1,1,13
Coccophagus,oculatipennis,1,1,1
Coccophagus,ophicus,0,0,0
Coccophagus,palaeolecanii,2,2,8
Coccophagus,pallidiceps,1,1,4
Coccophagus,pallidis,1,1,3
Coccophagus,parlobatae,1,1,1
Coccophagus,pellucidus,0,0,0
Coccophagus,perflavus,1,2,3
Coccophagus,perhispidus,1,1,1
Coccophagus,pernigritus,1,1,2
Coccophagus,philippiae,2,5,10
Coccophagus,physokermis,1,1,1
Coccophagus,piceae,1,1,3
Coccophagus,pisinnus,1,1,1
Coccophagus,planus,1,1,1
Coccophagus,poei,0,0,0
Coccophagus,princeps,1,1,1
Coccophagus,prinslooi,1,1,1
Coccophagus,probus,1,1,2
Coccophagus,propodealis,0,0,0
Coccophagus,provisus,1,1,1
Coccophagus,proximus,1,1,1
Coccophagus,pseudococci,2,4,17
Coccophagus,pseudopulvinariae,1,1,1
Coccophagus,pulchellus,1,2,8
Coccophagus,pulcher,0,0,0
Coccophagus,pulcini,0,0,0
Coccophagus,pulvinariae,1,2,30
Coccophagus,pumilus,1,1,3
Coccophagus,purpureus,0,0,0
Coccophagus,qenai,1,1,1
Coccophagus,quaestor,1,1,9
Coccophagus,redini,1,1,1
Coccophagus,restionis,1,1,1
Coccophagus,rjabovi,1,1,2
Coccophagus,robustus,1,1,1
Coccophagus,rosae,1,1,1
Coccophagus,ruizi,1,1,1
Coccophagus,rusti,1,1,11
Coccophagus,saintebeauvei,1,1,1
Coccophagus,saissetiae,1,1,4
Coccophagus,saltator,1,1,2
Coccophagus,samarae,0,0,0
Coccophagus,scutatus,1,2,3
Coccophagus,scutellaris,3,6,57
Coccophagus,secamonei,0,0,0
Coccophagus,semiatratus,1,1,2
Coccophagus,semicircularis,1,1,9
Coccophagus,sexvittatus,1,1,1
Coccophagus,shafeei,1,1,1
Coccophagus,shakespearella,1,1,1
Coccophagus,shillongensis,0,0,0
Coccophagus,sibiricus,1,1,1
Coccophagus,signatus,1,1,2
Coccophagus,signus,0,0,0
Coccophagus,silvestrii,1,2,12
Coccophagus,sostenesi,1,1,1
Coccophagus,spartanus,1,1,1
Coccophagus,specialis,1,1,1
Coccophagus,speciosus,1,2,3
Coccophagus,spectabilis,1,1,2
Coccophagus,spireae,0,0,0
Coccophagus,srilankensis,1,1,1
Coccophagus,subflavescens,0,0,0
Coccophagus,subochraceus,1,1,1
Coccophagus,subsignus,0,0,0
Coccophagus,sudhiri,0,0,0
Coccophagus,tamaulipecus,1,1,1
Coccophagus,tarongaensis,1,1,1
Coccophagus,teeceeni,0,0,0
Coccophagus,terani,1,1,5
Coccophagus,tetrastichoides,1,1,1
Coccophagus,thanhoaensis,1,1,1
Coccophagus,tibialis,1,1,5
Coccophagus,timberlakei,1,1,1
Coccophagus,tobiasi,0,0,0
Coccophagus,triangulatinotus,0,0,0
Coccophagus,triguttatus,0,0,0
Coccophagus,tropicanus,0,0,0
Coccophagus,tschirchii,2,3,8
Coccophagus,ussuriensis,1,1,1
Coccophagus,varius,1,1,2
Coccophagus,vegai,0,0,0
Coccophagus,viator,1,2,2
Coccophagus,vietnamicus,1,1,1
Coccophagus,yoshidae,1,1,14
Coccophagus,youngi,1,1,6
Coccophagus,zebratus,1,1,1
Coccophagus,zeyai,0,0,0
Coccophagus,zinniae,0,0,0
Diaspiniphagus,decorus,0,0,0
Diaspiniphagus,fasciativentris,1,1,8
Diaspiniphagus,forbesi,1,1,2
Diaspiniphagus,fuscipennis,1,1,2
Diaspiniphagus,inlacertus,0,0,0
Diaspiniphagus,maculatus,1,1,1
Diaspiniphagus,moeris,2,4,31
Diaspiniphagus,murtfeldtii,1,1,4
Diaspiniphagus,pulchellus,0,0,0
Dirphys,aphania,1,1,1
Dirphys,diablejo,0,0,0
Dirphys,encantadora,1,1,1
Dirphys,larensis,1,1,1
Dirphys,mendesi,1,1,1
Dirphys,mexicana,1,1,2
Encarsia,abatei,1,1,1
Encarsia,abundantia,1,1,4
Encarsia,acaudaleyrodis,1,1,4
Encarsia,accenta,1,1,2
Encarsia,adela,0,0,0
Encarsia,adusta,1,1,4
Encarsia,aethes,0,0,0
Encarsia,aethiopica,0,0,0
Encarsia,aferi,1,1,1
Encarsia,affectata,1,1,1
Encarsia,africana,1,1,1
Encarsia,albata,0,0,0
Encarsia,albiscutellum,1,1,2
Encarsia,alboscutellaris,0,0,0
Encarsia,aldrichi,1,1,2
Encarsia,alemansoori,1,1,1
Encarsia,aleurochitonis,1,1,4
Encarsia,aleurodici,1,1,4
Encarsia,aleuroilicis,2,7,8
Encarsia,aleuroplati,1,1,1
Encarsia,aleurothrixi,1,1,3
Encarsia,aleurotubae,1,1,1
Encarsia,altacima,1,1,1
Encarsia,altamira,1,1,1
Encarsia,alvaradoi,1,1,1
Encarsia,amabilis,0,0,0
Encarsia,ameca,1,1,1
Encarsia,americana,1,1,3
Encarsia,amicula,1,1,6
Encarsia,ancistrocera,1,1,2
Encarsia,ancora,1,1,1
Encarsia,andamanica,0,0,0
Encarsia,andrewi,1,1,2
Encarsia,antennata,0,0,0
Encarsia,antiopa,0,0,0
Encarsia,aonidiae,1,1,2
Encarsia,arabica,1,1,2
Encarsia,armata,1,1,1
Encarsia,armillata,1,1,1
Encarsia,aseta,1,1,4
Encarsia,asfar,0,0,0
Encarsia,ashmeadi,0,0,0
Encarsia,aspidioticola,2,3,6
Encarsia,assamensis,0,0,0
Encarsia,asterobemisiae,1,1,5
Encarsia,atlantica,1,1,1
Encarsia,aurantii,2,5,64
Encarsia,aureola,0,0,0
Encarsia,aurithorax,0,0,0
Encarsia,axacaliae,1,1,1
Encarsia,azimi,3,3,14
Encarsia,azteca,1,1,1
Encarsia,bangalorensis,0,0,0
Encarsia,barracas,0,0,0
Encarsia,basicincta,1,1,2
Encarsia,bella,1,2,3
Encarsia,bellottii,1,1,2
Encarsia,bennetti,1,1,1
Encarsia,berlesei,2,3,16
Encarsia,bicolor,1,1,3
Encarsia,bifasciata,1,1,1
Encarsia,bimaculata,1,1,4
Encarsia,bolangera,0,0,0
Encarsia,borkusiensis,0,0,0
Encarsia,boswelli,1,2,4
Encarsia,bothrocera,1,1,11
Encarsia,brachyura,0,0,0
Encarsia,brahmsi,0,0,0
Encarsia,brasiliensis,2,3,36
Encarsia,brevicalcar,0,0,0
Encarsia,brevivalvula,0,0,0
Encarsia,brevivena,1,1,2
Encarsia,brimblecombei,1,1,13
Encarsia,brittanica,0,0,0
Encarsia,brunnea,1,1,1
Encarsia,bunyae,1,1,1
Encarsia,caelata,0,0,0
Encarsia,caelibaris,0,0,0
Encarsia,californica,1,1,7
Encarsia,capensis,0,0,0
Encarsia,cappa,0,0,0
Encarsia,cassida,0,0,0
Encarsia,catemaco,1,1,1
Encarsia,catherineae,1,1,1
Encarsia,caudata,0,0,0
Encarsia,cerataphivora,1,1,1
Encarsia,chaetogastra,1,1,1
Encarsia,chaoi,0,0,0
Encarsia,chauliodoa,0,0,0
Encarsia,chichenitza,0,0,0
Encarsia,cibcensis,1,1,8
Encarsia,ciliata,1,1,1
Encarsia,circumsculpturata,1,1,1
Encarsia,citrella,2,3,13
Encarsia,citri,1,1,3
Encarsia,citricola,1,1,1
Encarsia,citrina,2,8,162
Encarsia,citrofila,1,1,1
Encarsia,clara,1,1,1
Encarsia,clariscutellum,1,1,2
Encarsia,clavata,0,0,0
Encarsia,clavulata,0,0,0
Encarsia,clypealis,1,2,8
Encarsia,coimbatorensis,0,0,0
Encarsia,colima,1,1,1
Encarsia,collecta,1,1,1
Encarsia,confusa,1,1,1
Encarsia,coquilletti,1,1,5
Encarsia,coryli,1,1,1
Encarsia,costaricensis,1,1,2
Encarsia,craspedia,0,0,0
Encarsia,cubensis,2,2,7
Encarsia,curtifuniculata,0,0,0
Encarsia,cybele,0,0,0
Encarsia,dalbulae,1,1,1
Encarsia,davidi,1,1,9
Encarsia,desantisi,1,1,2
Encarsia,despecta,1,1,1
Encarsia,dewa,0,0,0
Encarsia,dialeurodis,1,1,2
Encarsia,dialeuroporae,1,1,1
Encarsia,diaspidicola,2,2,7
Encarsia,dichroa,1,1,3
Encarsia,dimai,1,1,2
Encarsia,dispersa,2,3,9
Encarsia,divergens,1,1,5
Encarsia,dmitrii,1,1,1
Encarsia,dominicana,1,1,3
Encarsia,duorunga,0,0,0
Encarsia,echinocera,1,1,1
Encarsia,ectophaga,1,1,6
Encarsia,elcielica,1,1,1
Encarsia,elegans,1,1,10
Encarsia,elegantula,0,0,0
Encarsia,elenae,0,0,0
Encarsia,ellisvillensis,1,1,1
Encarsia,escama,1,1,1
Encarsia,estrellae,1,1,2
Encarsia,eugeniae,0,0,0
Encarsia,exornata,0,0,0
Encarsia,explorata,1,1,1
Encarsia,exserta,0,0,0
Encarsia,farinaria,0,0,0
Encarsia,farmani,0,0,0
Encarsia,fasciata,1,1,18
Encarsia,fasciola,0,0,0
Encarsia,filicornis,0,0,0
Encarsia,flava,1,1,2
Encarsia,flavescens,0,0,0
Encarsia,flaviceps,1,1,1
Encarsia,flavoscutellum,1,1,3
Encarsia,flexa,1,1,1
Encarsia,floralis,1,1,1
Encarsia,florena,1,1,1
Encarsia,formosa,3,4,32
Encarsia,fujianensis,1,1,1
Encarsia,funiculata,1,1,1
Encarsia,fursovi,0,0,0
Encarsia,fusca,1,1,2
Encarsia,fuzhouensis,0,0,0
Encarsia,galilea,1,1,3
Encarsia,gallardoi,0,0,0
Encarsia,gallicola,0,0,0
Encarsia,gaonae,1,1,1
Encarsia,gautieri,1,1,2
Encarsia,gerlingi,1,1,1
Encarsia,gigas,1,2,12
Encarsia,gracilens,0,0,0
Encarsia,grotei,0,0,0
Encarsia,guadeloupae,1,1,10
Encarsia,guajavae,1,1,2
Encarsia,guamuchil,1,1,1
Encarsia,guangxingana,1,1,1
Encarsia,guerrierii,1,1,1
Encarsia,gunturensis,0,0,0
Encarsia,haitiensis,1,1,5
Encarsia,hamata,1,1,3
Encarsia,hamoni,1,1,5
Encarsia,hamulata,0,0,0
Encarsia,hansoni,0,0,0
Encarsia,hapalia,1,1,1
Encarsia,harrisoni,1,1,1
Encarsia,heratyi,1,1,1
Encarsia,hitam,0,0,0
Encarsia,horatii,1,1,1
Encarsia,hragila,0,0,0
Encarsia,inaron,3,8,39
Encarsia,indica,0,0,0
Encarsia,indigoferae,1,1,1
Encarsia,inida,0,0,0
Encarsia,inquirenda,1,1,13
Encarsia,inserens,1,1,1
Encarsia,insignis,1,1,1
Encarsia,insolita,0,0,0
Encarsia,insulana,1,1,1
Encarsia,intermedia,1,2,10
Encarsia,interstrica,1,1,1
Encarsia,iris,1,1,1
Encarsia,isaaci,1,1,2
Encarsia,ishii,1,1,2
Encarsia,ixorae,1,1,1
Encarsia,japonica,1,1,3
Encarsia,jowaiana,0,0,0
Encarsia,juanae,1,1,3
Encarsia,justicia,0,0,0
Encarsia,kalamundae,0,0,0
Encarsia,kasparyani,1,1,2
Encarsia,kemneri,0,0,0
Encarsia,khadijae,0,0,0
Encarsia,koebelei,1,1,1
Encarsia,lacuma,1,1,2
Encarsia,lahorensis,2,2,11
Encarsia,lambei,1,1,1
Encarsia,lanceolata,2,2,8
Encarsia,lasallei,0,0,0
Encarsia,latipennis,1,1,3
Encarsia,lehri,1,1,1
Encarsia,leptosa,0,0,0
Encarsia,leucaenae,1,1,1
Encarsia,leucaspidis,2,2,13
Encarsia,leucippi,0,0,0
Encarsia,levadicola,1,1,3
Encarsia,levo,1,1,1
Encarsia,liliyingae,0,0,0
Encarsia,lineolata,1,1,1
Encarsia,lipaleyrodis,1,1,1
Encarsia,llera,1,1,1
Encarsia,llerica,1,1,1
Encarsia,longicauda,1,1,2
Encarsia,longicornis,1,3,9
Encarsia,longifasciata,1,1,11
Encarsia,longisetae,0,0,0
Encarsia,longisetosa,0,0,0
Encarsia,longispina,0,0,0
Encarsia,longivalvula,1,1,4
Encarsia,lopezi,0,0,0
Encarsia,lougae,0,0,0
Encarsia,lounsburyi,1,1,49
Encarsia,luoae,1,1,2
Encarsia,lutea,3,4,62
Encarsia,luteola,2,2,20
Encarsia,lycopersici,1,1,1
Encarsia,macoensis,1,1,1
Encarsia,macroptera,1,1,1
Encarsia,macula,1,1,3
Encarsia,maculata,1,1,1
Encarsia,maculiformis,1,1,1
Encarsia,madera,1,1,1
Encarsia,magnalata,1,1,1
Encarsia,magniclava,1,1,2
Encarsia,magnivena,1,1,2
Encarsia,mahoniae,1,1,2
Encarsia,margaritiventris,1,1,3
Encarsia,marginata,0,0,0
Encarsia,maria,1,2,2
Encarsia,marinikia,1,1,1
Encarsia,maritima,1,1,1
Encarsia,marxi,0,0,0
Encarsia,maura,0,0,0
Encarsia,meghalayana,0,0,0
Encarsia,melanostoma,2,2,7
Encarsia,merceti,1,1,3
Encarsia,meritoria,3,3,22
Encarsia,mescheryakovi,1,1,1
Encarsia,metallicus,0,0,0
Encarsia,mexicana,1,1,2
Encarsia,mexicella,1,1,1
Encarsia,microtricha,0,0,0
Encarsia,mineoi,1,1,5
Encarsia,minuta,0,0,0
Encarsia,moctezumana,1,1,1
Encarsia,moffsi,1,1,1
Encarsia,mohyuddini,1,1,1
Encarsia,mollicellae,1,1,1
Encarsia,morela,1,1,1
Encarsia,muliyali,1,1,1
Encarsia,multiciliata,0,0,0
Encarsia,nanjingensis,0,0,0
Encarsia,narayanani,1,2,2
Encarsia,narroi,2,2,2
Encarsia,nayarita,1,1,1
Encarsia,neocala,1,1,1
Encarsia,neocitricola,1,1,1
Encarsia,neoporteri,1,1,5
Encarsia,nepalensis,0,0,0
Encarsia,nigricephala,1,1,15
Encarsia,nigrifemur,1,1,1
Encarsia,nigriventris,2,2,8
Encarsia,niigatae,1,1,1
Encarsia,nipponica,1,1,1
Encarsia,nitella,1,1,2
Encarsia,noahi,1,1,8
Encarsia,noordami,1,1,2
Encarsia,norani,0,0,0
Encarsia,normarki,1,1,1
Encarsia,notha,0,0,0
Encarsia,noyesana,0,0,0
Encarsia,noyesi,1,2,9
Encarsia,nupta,1,1,1
Encarsia,oakeyensis,1,1,4
Encarsia,oaxaca,0,0,0
Encarsia,obliqua,1,1,1
Encarsia,obtusiclava,1,1,1
Encarsia,occultans,0,0,0
Encarsia,olgae,1,1,1
Encarsia,olivina,1,1,5
Encarsia,opulenta,2,2,6
Encarsia,orangae,1,1,1
Encarsia,ossira,0,0,0
Encarsia,papaceki,1,1,2
Encarsia,paracitrella,1,1,3
Encarsia,paradiaspidicola,0,0,0
Encarsia,parvella,1,1,1
Encarsia,paucisetosa,1,1,3
Encarsia,pauliani,0,0,0
Encarsia,pedana,1,1,1
Encarsia,peltata,1,1,3
Encarsia,perconfusa,1,1,1
Encarsia,perflava,0,0,0
Encarsia,pergandiella,2,3,42
Encarsia,perniciosi,2,2,17
Encarsia,perplexa,1,1,8
Encarsia,perpulchella,1,1,1
Encarsia,persequens,1,1,1
Encarsia,perseus,0,0,0
Encarsia,perstrenua,1,1,1
Encarsia,peruviana,1,1,3
Encarsia,phaea,0,0,0
Encarsia,picithorax,0,0,0
Encarsia,picta,0,0,0
Encarsia,pilosa,1,1,1
Encarsia,pinella,1,1,1
Encarsia,pineti,1,1,1
Encarsia,pithecura,1,1,1
Encarsia,pitilla,1,1,1
Encarsia,plana,1,1,2
Encarsia,planchoniae,1,2,2
Encarsia,plaumanni,0,0,0
Encarsia,polaszeki,1,1,1
Encarsia,porteri,2,7,31
Encarsia,portoricensis,1,2,8
Encarsia,praecipua,0,0,0
Encarsia,praegrandis,0,0,0
Encarsia,primitiva,0,0,0
Encarsia,prinslooi,0,0,0
Encarsia,prolata,1,1,1
Encarsia,protransvena,1,2,22
Encarsia,pseudoaonidiae,1,1,3
Encarsia,pseudocitrella,1,1,4
Encarsia,pseudococci,1,1,1
Encarsia,pulliclava,1,2,5
Encarsia,punicae,1,1,1
Encarsia,pura,0,0,0
Encarsia,quaintancei,1,1,8
Encarsia,quercicola,1,1,3
Encarsia,ramsesi,1,1,1
Encarsia,reeda,0,0,0
Encarsia,rentzi,0,0,0
Encarsia,reticulata,1,1,1
Encarsia,ruizi,1,1,1
Encarsia,sankarani,1,1,1
Encarsia,santaelenae,0,0,0
Encarsia,scapeata,1,1,1
Encarsia,schmidti,1,1,1
Encarsia,scylla,1,1,1
Encarsia,seminigriclava,0,0,0
Encarsia,septentrionalis,1,1,4
Encarsia,setata,0,0,0
Encarsia,shutovae,0,0,0
Encarsia,sikkimiana,0,0,0
Encarsia,silvestrii,1,1,4
Encarsia,silvifilia,0,0,0
Encarsia,singularis,1,1,2
Encarsia,sinica,1,1,1
Encarsia,siphonini,1,1,1
Encarsia,smithi,2,3,11
Encarsia,socratis,0,0,0
Encarsia,sophia,2,5,42
Encarsia,spinosa,1,1,1
Encarsia,stirlingia,0,0,0
Encarsia,strenua,1,1,14
Encarsia,subelongata,1,1,4
Encarsia,subhyalina,1,1,2
Encarsia,submetallica,0,0,0
Encarsia,sueloderi,1,1,1
Encarsia,superba,1,1,1
Encarsia,swifti,0,0,0
Encarsia,synaptocera,1,1,12
Encarsia,tabacivora,2,2,8
Encarsia,tachii,0,0,0
Encarsia,taciti,0,0,0
Encarsia,taiwanensis,1,1,1
Encarsia,tamaulipeca,1,1,2
Encarsia,tampicana,1,1,1
Encarsia,tapachula,1,1,1
Encarsia,tarsalis,1,1,1
Encarsia,telemachusi,1,1,1
Encarsia,tennysoni,0,0,0
Encarsia,terebrator,0,0,0
Encarsia,terebrella,1,1,1
Encarsia,tetraleurodis,1,1,1
Encarsia,thoracaphis,1,1,2
Encarsia,thoreauini,1,1,2
Encarsia,tinctoriae,1,1,2
Encarsia,titillata,1,1,2
Encarsia,totiaurea,0,0,0
Encarsia,toticilia,0,0,0
Encarsia,townsendi,1,1,1
Encarsia,tremblayi,1,1,1
Encarsia,trialeurodis,1,1,1
Encarsia,tricolor,2,3,24
Encarsia,trilineata,1,1,2
Encarsia,tristis,1,2,4
Encarsia,trivittata,1,1,1
Encarsia,trjapitzini,1,1,1
Encarsia,tuxpan,1,1,1
Encarsia,tuxtla,1,1,1
Encarsia,udaipuriensis,2,4,5
Encarsia,uncinata,1,1,1
Encarsia,unfasciata,0,0,0
Encarsia,unicitrella,0,0,0
Encarsia,unisetae,1,1,2
Encarsia,ustulata,1,1,2
Encarsia,vandrieschei,1,1,1
Encarsia,vanharteni,0,0,0
Encarsia,variegata,1,3,21
Encarsia,verticina,0,0,0
Encarsia,verticinella,0,0,0
Encarsia,viggianii,0,0,0
Encarsia,whittieri,1,1,2
Encarsia,woolleyi,1,1,1
Encarsia,xilitla,0,0,0
Encarsia,yumka,0,0,0
Eretmocerus,adustiscutum,1,1,3
Eretmocerus,aegypticus,1,1,1
Eretmocerus,aleurolobi,1,1,1
Eretmocerus,aleurothrixus,1,1,1
Eretmocerus,aleuroviggianus,1,1,1
Eretmocerus,aleyrodesii,1,1,1
Eretmocerus,aleyrodiphagus,1,1,1
Eretmocerus,ampliatus,1,1,1
Eretmocerus,antennator,1,1,2
Eretmocerus,australis,0,0,0
Eretmocerus,bisetae,1,1,1
Eretmocerus,breviclavus,1,1,2
Eretmocerus,cadabae,1,1,2
Eretmocerus,californicus,1,1,7
Eretmocerus,clauseni,0,0,0
Eretmocerus,clavator,0,0,0
Eretmocerus,cocois,1,1,1
Eretmocerus,comperei,1,1,3
Eretmocerus,corni,2,3,16
Eretmocerus,debachi,1,1,1
Eretmocerus,delhiensis,1,1,3
Eretmocerus,desantisi,1,1,2
Eretmocerus,dialeurolongae,1,1,1
Eretmocerus,diversiciliatus,1,1,6
Eretmocerus,dozieri,1,1,1
Eretmocerus,emiratus,1,1,3
Eretmocerus,eremicus,3,3,8
Eretmocerus,evansi,1,1,2
Eretmocerus,exilis,1,1,1
Eretmocerus,flavus,1,1,1
Eretmocerus,furuhashii,1,1,3
Eretmocerus,gracilis,1,1,3
Eretmocerus,gunturiensis,1,1,2
Eretmocerus,haldemani,2,2,12
Eretmocerus,hayati,1,1,3
Eretmocerus,hederae,1,1,1
Eretmocerus,hoelmeri,1,1,1
Eretmocerus,hydrabadensis,0,0,0
Eretmocerus,illinoisensis,0,0,0
Eretmocerus,indicus,1,1,2
Eretmocerus,jimenezi,1,1,3
Eretmocerus,joeballi,1,1,3
Eretmocerus,lativentris,0,0,0
Eretmocerus,leucaenae,1,1,1
Eretmocerus,longicornis,1,1,2
Eretmocerus,longipes,1,1,2
Eretmocerus,longiscapus,1,1,4
Eretmocerus,longiterebrus,1,1,2
Eretmocerus,melanoscutus,1,1,2
Eretmocerus,montanus,1,1,2
Eretmocerus,mundus,2,2,19
Eretmocerus,nairobii,1,1,2
Eretmocerus,naranjae,1,1,1
Eretmocerus,nativus,0,0,0
Eretmocerus,neobemisiae,1,1,3
Eretmocerus,neomaskelliae,0,0,0
Eretmocerus,nikolskajae,1,1,2
Eretmocerus,orchamoplati,1,1,2
Eretmocerus,orientalis,1,1,3
Eretmocerus,ostovani,0,0,0
Eretmocerus,pallidus,1,1,2
Eretmocerus,parasiphonini,1,1,1
Eretmocerus,paulistus,1,1,4
Eretmocerus,perseae,1,1,1
Eretmocerus,persiangulfus,1,1,1
Eretmocerus,picketti,1,1,1
Eretmocerus,portoricensis,1,1,3
Eretmocerus,queenslandensis,1,1,1
Eretmocerus,rajasthanicus,1,1,1
Eretmocerus,rosei,1,1,1
Eretmocerus,roseni,1,1,5
Eretmocerus,rui,1,1,2
Eretmocerus,sculpturatus,0,0,0
Eretmocerus,serius,1,1,6
Eretmocerus,silvestrii,0,0,0
Eretmocerus,siphonini,1,1,2
Eretmocerus,staufferi,1,1,4
Eretmocerus,tejanus,1,1,3
Eretmocerus,trialeurodis,1,1,1
Eretmocerus,warrae,1,1,1
Eretmocerus,zippanguiphagus,1,1,2
Eriaphytis,chackoi,1,1,2
Eriaphytis,orientalis,1,1,2
Eutrichosomella,aereiscapus,0,0,0
Eutrichosomella,albiclava,0,0,0
Eutrichosomella,albifemora,0,0,0
Eutrichosomella,blattophaga,0,0,0
Eutrichosomella,indica,0,0,0
Eutrichosomella,insularis,0,0,0
Eutrichosomella,keralaensis,0,0,0
Eutrichosomella,multifasciata,0,0,0
Eutrichosomella,veenakumariae,1,1,1
Eutrichosomella,voltairei,0,0,0
Glaesaphytis,interregni,0,0,0
Hirtaphelinus,smetanai,0,0,0
Idiococcobius,encarsoides,0,0,0
Indaphytis,veenakumariae,0,0,0
Lounsburyia,affinis,0,0,0
Lounsburyia,trifasciata,2,2,5
Marietta,albocephala,1,1,2
Marietta,asaphia,1,1,1
Marietta,busckii,2,6,13
Marietta,caridei,3,6,16
Marietta,carnesi,2,5,40
Marietta,connecta,1,3,24
Marietta,dozieri,1,3,4
Marietta,ghesquieri,1,1,2
Marietta,graminicola,2,5,8
Marietta,hispida,1,1,1
Marietta,intermedia,0,0,0
Marietta,karakalensis,1,1,2
Marietta,leopardina,4,19,118
Marietta,marchali,2,5,7
Marietta,mexicana,2,7,33
Marietta,montana,1,1,1
Marietta,nebulosa,1,1,1
Marietta,picta,2,17,66
Marietta,pulchella,2,6,25
Marietta,taeniola,1,1,1
Marietta,timberlakei,1,2,3
Marlattiella,maculata,1,1,1
Marlattiella,prima,1,1,2
Mashimaro,hawksi,0,0,0
Mashimaro,lasallei,0,0,0
Metanthemus,aureus,0,0,0
Mexidalgus,toumeyellus,1,1,1
Mexidalgus,veracruzanus,1,1,1
Neophytis,dealbatus,1,1,1
Neophytis,melanostictus,1,1,6
Neophytis,munroi,1,1,1
Neophytis,myartsevae,1,1,1
Oenrobia,kinabaluensis,0,0,0
Paraphytis,acutaspidis,1,1,1
Paraphytis,angustus,1,1,1
Paraphytis,anomalus,1,1,1
Paraphytis,argenticorpus,0,0,0
Paraphytis,australiensis,1,1,3
Paraphytis,benassyi,1,1,1
Paraphytis,breviclavatus,0,0,0
Paraphytis,capillatus,1,1,5
Paraphytis,ciliatus,1,1,1
Paraphytis,cochereaui,1,1,3
Paraphytis,costalimai,1,1,4
Paraphytis,densiciliatus,0,0,0
Paraphytis,fabresi,0,0,0
Paraphytis,haywardi,1,1,1
Paraphytis,hyalinipennis,1,1,1
Paraphytis,maculatipennis,1,2,3
Paraphytis,maculatus,0,0,0
Paraphytis,mandalayensis,1,1,1
Paraphytis,nigripes,0,0,0
Paraphytis,noumeaensis,1,1,1
Paraphytis,obscurus,1,1,2
Paraphytis,peculiaris,1,1,2
Paraphytis,perplexus,1,1,1
Paraphytis,transversus,0,0,0
Paraphytis,vittatus,1,1,2
Paraphytis,wallumbillae,0,0,0
Phtuaria,fimbriae,0,0,0
Proaphelinoides,anomalus,0,0,0
Proaphelinoides,assamensis,0,0,0
Proaphelinoides,australis,0,0,0
Proaphelinoides,bendovi,1,1,1
Proaphelinoides,chidambaramensis,0,0,0
Proaphelinoides,elongatiformis,1,2,3
Prococcobius,polaszeki,0,0,0
Prophyscus,desantisi,1,1,2
Prophyscus,latiscapus,1,1,2
Protaphelinus,nikolskajae,1,1,10
Pteroptrix,abnormis,0,0,0
Pteroptrix,addenda,0,0,0
Pteroptrix,aegyptica,1,1,1
Pteroptrix,aethiopica,1,1,2
Pteroptrix,albifemur,1,1,2
Pteroptrix,albocincta,1,1,1
Pteroptrix,aprica,0,0,0
Pteroptrix,arabica,1,1,1
Pteroptrix,aspidiotiphagoidea,0,0,0
Pteroptrix,aster,0,0,0
Pteroptrix,bicolor,1,1,35
Pteroptrix,biguttata,0,0,0
Pteroptrix,bisetae,1,1,1
Pteroptrix,bouceki,0,0,0
Pteroptrix,calva,1,1,3
Pteroptrix,cavana,0,0,0
Pteroptrix,chinensis,1,2,27
Pteroptrix,coloba,0,0,0
Pteroptrix,conifuniculata,1,1,1
Pteroptrix,deserta,0,0,0
Pteroptrix,dimidiata,1,4,23
Pteroptrix,dubia,1,1,1
Pteroptrix,fidalgoi,0,0,0
Pteroptrix,flagellata,0,0,0
Pteroptrix,gonzalezi,0,0,0
Pteroptrix,heracliti,0,0,0
Pteroptrix,howardi,1,1,2
Pteroptrix,incola,0,0,0
Pteroptrix,japonica,1,1,1
Pteroptrix,kamatai,1,1,1
Pteroptrix,koebelei,1,1,3
Pteroptrix,lauri,1,1,24
Pteroptrix,leptocera,0,0,0
Pteroptrix,longiclava,1,1,16
Pteroptrix,longiclavata,1,1,1
Pteroptrix,longicornis,0,0,0
Pteroptrix,luzonica,1,1,1
Pteroptrix,machiaveli,0,0,0
Pteroptrix,macropedicellata,1,1,1
Pteroptrix,maritima,1,2,16
Pteroptrix,matpada,0,0,0
Pteroptrix,maura,1,1,1
Pteroptrix,mexicana,0,0,0
Pteroptrix,nigra,0,0,0
Pteroptrix,nudicella,0,0,0
Pteroptrix,opaca,1,2,7
Pteroptrix,ordinis,0,0,0
Pteroptrix,orientalis,2,2,4
Pteroptrix,parvipennis,1,1,5
Pteroptrix,patriciae,0,0,0
Pteroptrix,perata,1,1,1
Pteroptrix,perkinsi,1,1,2
Pteroptrix,plana,1,1,1
Pteroptrix,processa,1,1,1
Pteroptrix,prolata,1,1,1
Pteroptrix,rolaspidis,1,1,2
Pteroptrix,rupina,0,0,0
Pteroptrix,serrata,1,1,2
Pteroptrix,silvestrii,1,1,1
Pteroptrix,sinica,0,0,0
Pteroptrix,smithi,1,1,5
Pteroptrix,sparsiciliata,0,0,0
Pteroptrix,stenoptera,0,0,0
Pteroptrix,sunae,1,1,1
Pteroptrix,tertia,1,1,1
Pteroptrix,unica,0,0,0
Pteroptrix,variicolor,0,0,0
Pteroptrix,vasta,1,1,2
Pteroptrix,wanhsiensis,1,1,4
Pteroptrix,xanthothoracalis,1,1,1
Pteroptrix,zoza,0,0,0
Punkaphytis,erwini,0,0,0
Punkaphytis,hayati,0,0,0
Saengella,gloria,0,0,0
Samariola,camerounensis,0,0,0
Timberlakiella,applanatonervus,1,1,1
Umairia,laiba,1,1,1
Umairia,zeera,0,0,0
Verekia,bruchocida,1,1,1
Wallaceaphytis,kikiae,0,0,0
Zubairia,mirifica,0,0,0
